
{
    "region" : "us-east-1",
    "configuration" : "Debug",
    "framework"     : "netcoreapp3.1",
    "self-contained" : false,
    "application"    : "DDACProject",
    "environment"    : "DDACProject-test",
    "enable-xray"    : false,
    "enhanced-health-type" : "basic",
    "additional-options"   : "\"aws:autoscaling:launchconfiguration,SecurityGroups\"=\"sg-3dabce21\";\"aws:ec2:vpc,Subnets\"=\"subnet-a9e88a98\"",
    "solution-stack"       : "64bit Amazon Linux 2 v2.2.7 running .NET Core",
    "environment-type"     : "SingleInstance",
    "cname"                : "ddacproject-test",
    "instance-type"        : "t2.micro",
    "key-pair"             : "vockey",
    "instance-profile"     : "LabInstanceProfile",
    "service-role"         : "LabRole",
    "proxy-server"         : "nginx"
}